Sequence,Count,PValue,Obs/Exp Max,Max Obs/Exp Position
TGGTGCAA,10,0.005801244,244.00002,7
GGGGTGCG,20,5.76656E-7,244.00002,6
CGCAGGTT,10,0.005801244,244.00002,3
CATAGGTT,20,5.76656E-7,244.00002,3
ATGGTGCA,10,0.005801244,244.00002,6
TACGCAGG,10,0.005801244,244.00002,1
GGAGGATG,20,5.76656E-7,244.00002,4
ATAGGTTG,20,5.76656E-7,244.00002,4
GAGGATGC,20,5.76656E-7,244.00002,5
AGGATGCA,10,0.005801244,244.00002,6
CGGGGGGT,20,5.76656E-7,244.00002,3
CAGGTTGC,10,0.005801244,244.00002,5
GGGGGGTG,20,5.76656E-7,244.00002,4
TACGGGGG,20,5.76656E-7,244.00002,1
ACGTAGGT,40,0.0,244.00002,2
GGGGGTGC,20,5.76656E-7,244.00002,5
ACGCAGGT,10,0.005801244,244.00002,2
TCGCAAGC,105,0.0,244.0,9
ACATAGGT,120,0.0,244.0,2
CGTATGGT,15,5.8173762E-5,244.0,3
