Duplication Level,Deduplicated,Total
1,84.49612403100775,34.88
2,7.073643410852713,5.84
3,2.2771317829457365,2.82
4,1.2112403100775195,2.0
5,1.0174418604651163,2.1
6,0.5329457364341085,1.32
7,0.29069767441860467,0.84
8,0.1937984496124031,0.64
9,0.14534883720930233,0.54
>10,2.3255813953488373,17.94
>50,0.1937984496124031,4.9399999999999995
>100,0.1937984496124031,15.959999999999999
>500,0.04844961240310078,10.18
>1k,0.0,0.0
>5k,0.0,0.0
>10k+,0.0,0.0
