Sequence,Count,PValue,Obs/Exp Max,Max Obs/Exp Position
GTTTGATC,20,5.76656E-7,244.00002,4
ATTTGCTA,10,0.005801244,244.00002,4
CTCGTTAC,10,0.005801244,244.00002,5
TATTTGCT,10,0.005801244,244.00002,3
CTACCCCG,10,0.005801244,244.00002,9
TGACCCAA,10,0.005801244,244.00002,9
CCTTCTCG,10,0.005801244,244.00002,1
CCTATTTG,10,0.005801244,244.00002,1
CCTATTCG,10,0.005801244,244.00002,1
TTCGTGAC,10,0.005801244,244.00002,5
TCGCTACC,20,5.76656E-7,244.00002,6
CTTCTCGT,10,0.005801244,244.00002,2
ATTCGTGA,10,0.005801244,244.00002,4
TTTGATCC,20,5.76656E-7,244.00002,5
TGTTCGCT,40,0.0,244.00002,3
GCTACCCC,10,0.005801244,244.00002,8
GCTACCCA,40,0.0,244.00002,8
CTGTTTGC,235,0.0,244.00002,2
CTGTTTGA,20,5.76656E-7,244.00002,2
TTGATCCC,20,5.76656E-7,244.00002,6
