Duplication Level,Deduplicated,Total
1,79.35222672064778,35.28
2,8.816914080071975,7.84
3,3.1039136302294197,4.14
4,1.484480431848853,2.64
5,1.6644174538911383,3.6999999999999997
6,0.9446693657219973,2.52
7,0.6747638326585695,2.1
8,0.4948268106162843,1.76
9,0.5398110661268556,2.16
>10,2.654071075123707,22.82
>50,0.1799370220422852,4.8
>100,0.0899685110211426,10.24
>500,0.0,0.0
>1k,0.0,0.0
>5k,0.0,0.0
>10k+,0.0,0.0
