Sequence,Count,PValue,Obs/Exp Max,Max Obs/Exp Position
CTTGTCAC,15,5.8709615E-5,243.44,7
TGTCACGA,15,5.8709615E-5,243.44,9
GAAACCTT,225,0.0,243.44,2
ATACCTTG,15,5.8709615E-5,243.44,3
CCTTGTCA,15,5.8709615E-5,243.44,6
ACCTTGTC,15,5.8709615E-5,243.44,5
TGTTACGA,465,0.0,243.44,9
GCTACCTT,240,0.0,243.44,2
TTGTCACG,15,5.8709615E-5,243.44,8
AAACCTTG,225,0.0,243.44,3
GGATACCT,15,5.8709615E-5,243.44,1
TTGTTACG,465,0.0,243.44,8
CTACCTTG,240,0.0,243.44,3
GATACCTT,15,5.8709615E-5,243.44,2
AACCTTGT,235,0.0,243.43999,4
CCTTGTTA,470,0.0,243.43999,6
ACCTTGTT,470,0.0,243.43999,5
GGAAACCT,220,0.0,243.43999,1
CTTGTTAC,470,0.0,243.43999,7
TACCTTGT,255,0.0,243.43999,4
