Duplication Level,Deduplicated,Total
1,78.44611528822055,18.78
2,9.440267335004176,4.52
3,2.923976608187134,2.1
4,1.7543859649122806,1.68
5,1.0025062656641603,1.2
6,1.086048454469507,1.5599999999999998
7,0.4177109440267335,0.7000000000000001
8,0.5847953216374269,1.1199999999999999
9,0.1670843776106934,0.36
>10,3.341687552213868,19.82
>50,0.4177109440267335,6.460000000000001
>100,0.1670843776106934,5.52
>500,0.2506265664160401,36.18
>1k,0.0,0.0
>5k,0.0,0.0
>10k+,0.0,0.0
