Sequence,Count,PValue,Obs/Exp Max,Max Obs/Exp Position
CTACCGAT,95,0.0,144.00002,5
CCGATCGA,25,1.331282E-7,144.0,8
GAAAGCCG,20,7.982555E-6,144.0,8
CCGATTGA,60,0.0,144.0,8
TGAAAGCC,20,7.982555E-6,144.0,7
TACTACCG,15,4.7641978E-4,144.0,3
CATGGGAG,260,0.0,144.0,5
GGGAGTTG,240,0.0,144.0,8
CGTCATGG,45,0.0,144.0,2
ATGGAAGC,65,0.0,144.0,6
TCATGAAA,20,7.982555E-6,144.0,4
CTCCTACC,60,0.0,144.0,2
TCCTACCG,60,0.0,144.0,3
CACCATGG,220,0.0,144.0,2
ATGGGAGT,245,0.0,144.0,6
ATGGGAGC,15,4.7641978E-4,144.0,6
ACCGATTG,65,0.0,144.0,7
AAAGCCGG,20,7.982555E-6,144.0,9
AAGTCATG,40,0.0,144.0,1
ACCGATCG,25,1.331282E-7,144.0,7
