Base,G,A,T,C
1,20.36,78.68,0.88,0.08
2,0.08,18.04,0.4,81.47999999999999
3,23.080000000000002,62.96000000000001,13.88,0.08
4,0.44,2.1399999999999997,18.6,78.82000000000001
5,3.58,0.13999999999999999,0.9199999999999999,95.36
6,1.6199999999999999,76.3,20.979999999999997,1.0999999999999999
7,1.5,20.9,69.64,7.960000000000001
8,72.48,0.24,4.3999999999999995,22.88
9,64.8,8.76,0.16,26.279999999999998
10-14,35.604,25.679999999999996,31.964,6.752
15-19,50.2,12.516,26.939999999999998,10.344000000000001
20-24,15.656,14.879999999999999,20.032,49.431999999999995
25-29,42.588,42.675999999999995,10.08,4.656
30-34,36.919999999999995,8.644,26.08,28.355999999999998
35-39,24.404,22.904,24.508,28.183999999999997
40-44,24.852,21.823999999999998,20.948,32.376
45-49,39.08,23.456,15.976,21.488
50-54,44.504,20.208000000000002,11.268,24.02
55-59,31.256,20.1,18.323999999999998,30.320000000000004
60-64,27.811999999999998,23.22,15.676000000000002,33.292
65-69,39.188,23.555999999999997,23.604,13.652000000000001
70-74,29.731999999999996,21.192,24.951999999999998,24.124000000000002
75-79,31.735999999999997,25.688,18.432000000000002,24.144
80-84,45.544000000000004,19.052,23.468,11.936
85-89,28.296,35.587999999999994,24.212,11.904
90-94,22.292,30.580000000000002,24.576,22.552
95-99,29.524,39.18,21.612000000000002,9.684
100-104,32.28,30.020000000000003,12.908,24.792
105-109,39.584,23.524,24.128,12.764000000000001
110-114,34.268,38.992,11.996,14.743999999999998
115-119,23.732,21.2,23.964,31.104
120-124,33.62,42.652,12.776000000000002,10.952
125-129,23.512,24.66,31.308000000000003,20.52
130-134,30.608,18.284,25.296000000000003,25.812
135-139,23.836,29.2,26.451999999999998,20.512
140-144,22.016,24.62,26.948,26.416
145-149,26.588,27.035999999999998,25.056,21.32
150-151,27.22,24.92,25.97,21.89
