Duplication Level,Deduplicated,Total
1,82.94010889292196,27.42
2,7.259528130671507,4.8
3,2.05686630369026,2.04
4,1.02843315184513,1.3599999999999999
5,0.6654567453115547,1.0999999999999999
6,0.5444646098003629,1.08
7,0.6654567453115547,1.54
8,0.6654567453115547,1.76
9,0.3024803387779794,0.8999999999999999
>10,2.782819116757411,20.86
>50,0.6654567453115547,15.24
>100,0.42347247428917123,21.9
>500,0.0,0.0
>1k,0.0,0.0
>5k,0.0,0.0
>10k+,0.0,0.0
