Sequence,Count,PValue,Obs/Exp Max,Max Obs/Exp Position
TGCGAGTT,10,0.005801244,244.00002,7
CCGATTGA,160,0.0,244.00002,8
GAAGCTGG,10,0.005801244,244.00002,9
ATGGAAGC,10,0.005801244,244.00002,6
CTTGTACC,10,0.005801244,244.00002,2
CACCATGG,205,0.0,244.00002,2
CACCATGC,10,0.005801244,244.00002,2
AAGTCATG,10,0.005801244,244.00002,1
TGTACCGA,10,0.005801244,244.00002,4
CATGCGAG,10,0.005801244,244.00002,5
CGAGTTGG,10,0.005801244,244.00002,9
CGATTGAA,160,0.0,244.00002,9
CATGGAAG,10,0.005801244,244.00002,5
GGAAGCTG,10,0.005801244,244.00002,8
TACCGATT,235,0.0,244.00002,6
AGTCATGG,10,0.005801244,244.00002,2
ACCTACCG,195,0.0,244.00002,3
ATGCGAGT,10,0.005801244,244.00002,6
GCACCTAC,195,0.0,244.00002,1
TGGAAGCT,10,0.005801244,244.00002,7
