Duplication Level,Deduplicated,Total
1,80.13595166163142,21.22
2,7.099697885196375,3.7600000000000002
3,3.3987915407854987,2.7
4,1.5861027190332326,1.68
5,1.0574018126888218,1.4000000000000001
6,0.906344410876133,1.44
7,0.6042296072507553,1.1199999999999999
8,0.1510574018126888,0.32
9,0.5287009063444109,1.26
>10,3.5498489425981874,19.02
>50,0.5287009063444109,9.6
>100,0.4531722054380665,36.480000000000004
>500,0.0,0.0
>1k,0.0,0.0
>5k,0.0,0.0
>10k+,0.0,0.0
