Sequence,Count,PValue,Obs/Exp Max,Max Obs/Exp Position
GTTTGATC,40,0.0,244.00002,4
GTTTGATA,10,0.005801244,244.00002,4
ATTTGCTC,10,0.005801244,244.00002,4
TATTTGCT,10,0.005801244,244.00002,3
TGTTCGAT,20,5.76656E-7,244.00002,3
GCTACCCA,10,0.005801244,244.00002,8
ATACCCAC,20,5.76656E-7,244.00002,9
TGATACCC,10,0.005801244,244.00002,7
TTGATACC,10,0.005801244,244.00002,6
CCTGTTTG,290,0.0,244.00002,1
CTGTTCGA,20,5.76656E-7,244.00002,2
ATCCCCAC,40,0.0,244.00002,9
GATACCCA,20,5.76656E-7,244.00002,8
GTTTGCTC,240,0.0,244.0,4
TCGCTCCC,85,0.0,244.0,6
GCTCCCCA,335,0.0,244.0,8
TTGCTCCC,255,0.0,244.0,6
TTTGATCC,45,0.0,244.0,5
TTTGCTCC,250,0.0,244.0,5
TGTTCGCT,90,0.0,244.0,3
