Duplication Level,Deduplicated,Total
1,86.39308855291577,40.0
2,6.004319654427646,5.56
3,2.159827213822894,3.0
4,1.2526997840172787,2.32
5,1.1663066954643628,2.7
6,0.5183585313174947,1.44
7,0.2591792656587473,0.84
8,0.3023758099352052,1.1199999999999999
9,0.21598272138228944,0.8999999999999999
>10,1.468682505399568,13.100000000000001
>50,0.04319654427645788,1.1199999999999999
>100,0.21598272138228944,27.900000000000002
>500,0.0,0.0
>1k,0.0,0.0
>5k,0.0,0.0
>10k+,0.0,0.0
