Sequence,Count,PValue,Obs/Exp Max,Max Obs/Exp Position
CGAAGGGT,10,0.005801244,244.00002,3
CGAAGGGG,20,5.76656E-7,244.00002,3
TCTCAAGC,20,5.76656E-7,244.00002,9
CCGCGAGT,10,0.005801244,244.00002,9
CCCGCGAG,10,0.005801244,244.00002,8
CCAGCCCC,10,0.005801244,244.00002,3
CAGCCCCG,10,0.005801244,244.00002,4
GACGAACC,10,0.005801244,244.00002,1
TACCAGCC,10,0.005801244,244.00002,1
GGGTGCGA,55,0.0,244.00002,7
GTAGGTCC,10,0.005801244,244.00002,4
CAGAGGGT,40,0.0,244.00002,3
GAACCGTG,10,0.005801244,244.00002,4
GTCCCAAG,40,0.0,244.00002,8
CACGTAGA,10,0.005801244,244.00002,1
GGAGGATG,10,0.005801244,244.00002,4
GGGGCAAG,55,0.0,244.00002,8
GAGGATGC,10,0.005801244,244.00002,5
GTGCAAAC,10,0.005801244,244.00002,9
AGCCCCGC,10,0.005801244,244.00002,5
