Duplication Level,Deduplicated,Total
1,77.35849056603774,25.419999999999998
2,9.007912355447353,5.92
3,3.2866707242848445,3.2399999999999998
4,1.704199634814364,2.2399999999999998
5,1.1564211807668898,1.9
6,1.0346926354230066,2.04
7,0.48691418137553255,1.1199999999999999
8,0.9129640900791236,2.4
9,0.426049908703591,1.26
>10,3.8953134510042604,27.46
>50,0.5477784540474742,13.900000000000002
>100,0.18259281801582472,13.100000000000001
>500,0.0,0.0
>1k,0.0,0.0
>5k,0.0,0.0
>10k+,0.0,0.0
