Sequence,Count,PValue,Obs/Exp Max,Max Obs/Exp Position
GCTCCCCA,75,0.0,1119.9048,8
CTCCCCTG,15,1.0367512E-7,1119.9048,9
TTTGCTCC,70,0.0,1119.9048,5
CTGTTTGC,65,0.0,1119.9048,2
TCGCTCCC,20,1.891749E-10,1119.9047,6
CCTGTTCG,10,5.354536E-5,1119.9047,1
CTGTTCGA,10,5.354536E-5,1119.9047,2
CTCCCCAC,80,0.0,1049.9106,9
CCTGTTTG,75,0.0,1045.2444,1
TGCTCCCC,80,0.0,979.9166,7
TTGCTCCC,85,0.0,922.27454,6
TTCGCTCC,30,1.4333636E-9,746.60315,5
CGCTCCCC,45,1.08921085E-8,497.73547,7
GCTCCCCT,40,5.227492E-6,419.96426,8
GTTTGCTC,160,0.0,412.5965,4
GTTCGATC,20,3.8766302E-8,412.5965,4
ATTCGCTC,10,0.0011752965,412.5965,4
GTTCGCTC,30,0.0,412.59647,4
TTTCGCTC,30,6.475602E-10,343.83038,4
CGTTCGCT,25,2.8012437E-9,273.46512,3
