Duplication Level,Deduplicated,Total
1,85.57305016477481,46.739999999999995
2,5.85865983156353,6.4
3,2.4166971805199564,3.9600000000000004
4,1.2083485902599782,2.64
5,0.8421823507872574,2.3
6,0.4760161113145368,1.5599999999999998
7,0.4027828634199927,1.54
8,0.5126327352618089,2.2399999999999998
9,0.4027828634199927,1.9800000000000002
>10,2.1603808128890516,23.1
>50,0.14646649578908824,7.539999999999999
>100,0.0,0.0
>500,0.0,0.0
>1k,0.0,0.0
>5k,0.0,0.0
>10k+,0.0,0.0
