Base,G,A,T,C
1,3.1199999999999997,5.46,3.84,87.58
2,55.84,36.02,4.66,3.4799999999999995
3,3.74,5.0200000000000005,88.12,3.1199999999999997
4,3.4000000000000004,4.14,88.82,3.64
5,86.44,4.26,6.02,3.2800000000000002
6,3.52,4.58,77.75999999999999,14.14
7,3.56,4.36,69.52000000000001,22.56
8,57.92,33.14,5.0,3.94
9,3.6799999999999997,86.26,5.46,4.6
10-14,20.363999999999997,37.412,38.292,3.932
15-19,14.884,22.612,57.172,5.332
20-24,9.536,29.160000000000004,54.94,6.364
25-29,11.676,31.372,50.064,6.888
30-34,11.772,35.656,43.504,9.068
35-39,11.64,33.32,32.492,22.548000000000002
40-44,22.54,33.032000000000004,29.427999999999997,15.0
45-49,15.876000000000001,41.512,21.376,21.236
50-54,15.928,34.948,31.396,17.727999999999998
55-59,16.304,44.824000000000005,19.875999999999998,18.996
60-64,20.332,26.163999999999998,43.416,10.088
65-69,21.816,26.932000000000002,43.147999999999996,8.104
70-74,15.468000000000002,32.408,34.624,17.5
75-79,31.464,19.02,22.104,27.412
80-84,26.932000000000002,16.628,29.532000000000004,26.907999999999998
85-89,23.216,33.635999999999996,19.108,24.04
90-94,24.388,26.556,25.452,23.604
95-99,26.048,30.744,23.712,19.496
100-104,23.080000000000002,29.336000000000002,22.004,25.580000000000002
105-109,25.96,30.020000000000003,22.2,21.82
110-114,19.067999999999998,31.34,26.192,23.400000000000002
115-119,24.196,33.7,24.336,17.768
120-124,19.428,30.747999999999998,24.04,25.784000000000002
125-129,18.0,34.204,25.672,22.124
130-134,26.740000000000002,23.52,33.348,16.392
135-139,18.096,28.720000000000002,26.840000000000003,26.344
140-144,30.384,32.376,17.62,19.62
145-149,28.244000000000003,27.36,19.916,24.48
150-151,28.599999999999998,26.729999999999997,19.71,24.959999999999997
