Duplication Level,Deduplicated,Total
1,92.41071428571429,49.68
2,3.5342261904761902,3.8
3,1.3392857142857142,2.16
4,0.3720238095238095,0.8
5,0.18601190476190474,0.5
6,0.2232142857142857,0.72
7,0.11160714285714285,0.42
8,0.11160714285714285,0.48
9,0.2232142857142857,1.08
>10,1.0044642857142858,11.600000000000001
>50,0.33482142857142855,11.86
>100,0.1488095238095238,16.900000000000002
>500,0.0,0.0
>1k,0.0,0.0
>5k,0.0,0.0
>10k+,0.0,0.0
