Sequence,Count,PValue,Obs/Exp Max,Max Obs/Exp Position
GGAGACCT,20,4.6730565E-7,249.84906,1
GGCTACCT,170,0.0,249.84906,1
AGACCTTG,20,4.6730565E-7,249.84906,3
GAGACCTT,20,4.6730565E-7,249.84906,2
GAAACCTT,45,0.0,249.84904,2
GGAAACCT,45,0.0,249.84904,1
AAACCTTG,45,0.0,249.84904,3
CTACCTTG,180,0.0,242.9088,3
GCTACCTT,175,0.0,242.71051,2
AACCTTGT,55,0.0,232.3158,4
GACCTTGT,20,6.8114605E-7,232.31578,4
CCTTGTTA,275,0.0,228.09189,6
ACCTTGTT,275,0.0,228.09189,5
TACCTTGT,200,0.0,226.50789,4
CTTGTTAC,470,0.0,131.01128,7
TGTTACGA,465,0.0,130.99614,9
TTGTTACG,465,0.0,130.99614,8
CTTCACCC,45,0.0,110.350006,15-19
TCACCCCA,45,0.0,110.350006,15-19
CTTCTCCT,25,6.6861685E-7,110.350006,15-19
