Base,G,A,T,C
1,93.04,3.34,0.36,3.26
2,93.7,5.9799999999999995,0.24,0.08
3,0.25595085743537244,23.905810084463784,5.400563091886358,70.43767596621448
4,4.760000000000001,16.04,78.34,0.86
5,0.08,99.08,0.04,0.8
6,0.24449877750611246,0.12224938875305623,0.16299918500407498,99.47025264873676
7,0.06,0.06,0.1,99.78
8,0.06,0.3,97.89999999999999,1.7399999999999998
9,0.1,0.06,99.48,0.36
10-14,20.768,19.919999999999998,39.172000000000004,20.14
15-19,19.956,20.003999999999998,39.808,20.232
20-24,6.445115810674723,21.669332385522186,14.009833540667021,57.875718263136065
25-29,13.236,16.1,27.132,43.532
30-34,26.36565872950482,34.28771525088572,20.956579055779848,18.39004696382961
35-39,14.648,28.067999999999998,24.236,33.048
40-44,33.019999999999996,2.948,31.524,32.507999999999996
45-49,41.152,22.136,12.644,24.068
50-54,16.764000000000003,9.932,27.572000000000003,45.732
55-59,14.027999999999999,14.496,31.452,40.024
60-64,37.496,21.864,19.604,21.035999999999998
65-69,28.116000000000003,24.656,24.484,22.744
70-74,26.640000000000004,23.3,10.367999999999999,39.692
75-79,15.160000000000002,16.252,27.895999999999997,40.692
80-84,35.868,15.744,24.664,23.724
85-89,19.259999999999998,34.448,15.06,31.232
90-94,9.824,27.724,21.248,41.204
95-99,23.708000000000002,22.024,16.855999999999998,37.412
100-104,43.064,9.676,30.784,16.476
105-109,37.052,20.604,18.468,23.876
110-114,45.62,14.468,15.187999999999999,24.724
115-119,33.316,18.752,30.703999999999997,17.227999999999998
120-124,30.048000000000002,29.387999999999998,13.136000000000001,27.428
125-129,41.0,24.895999999999997,12.536,21.568
130-134,38.396,19.268,26.336,16.0
135-139,36.828,20.04,32.135999999999996,10.996
140-144,29.439999999999998,11.432,25.64,33.488
145-149,40.832,13.111999999999998,27.811999999999998,18.244
150-151,28.1,18.38,22.75,30.769999999999996
