Duplication Level,Deduplicated,Total
1,81.31086142322097,43.419999999999995
2,7.340823970037453,7.84
3,3.258426966292135,5.220000000000001
4,2.1722846441947565,4.64
5,1.1610486891385767,3.1
6,0.7490636704119851,2.4
7,0.41198501872659177,1.54
8,0.6741573033707865,2.88
9,0.48689138576779023,2.34
>10,2.3220973782771535,22.900000000000002
>50,0.11235955056179776,3.7199999999999998
>100,0.0,0.0
>500,0.0,0.0
>1k,0.0,0.0
>5k,0.0,0.0
>10k+,0.0,0.0
