Sequence,Count,PValue,Obs/Exp Max,Max Obs/Exp Position
AACCTGCG,380,0.0,144.00002,8
GTGAACCA,40,0.0,144.0,5
TGGTGAAC,45,0.0,144.0,3
GTAGGTGA,360,0.0,144.0,1
AACCAGCG,40,0.0,144.0,8
AGGTGAAC,365,0.0,144.0,3
TAGGTGAA,360,0.0,144.0,2
ACCAGCGG,40,0.0,144.0,9
ACCTGCGG,385,0.0,144.0,9
TGAACCAG,45,0.0,144.0,6
GAACCAGC,40,0.0,144.0,7
GTTGGTGA,45,0.0,144.0,1
GGTGAACC,410,0.0,144.0,4
GTGAACCT,375,0.0,143.99998,5
GAACCTGC,375,0.0,143.99998,7
TGAACCTG,375,0.0,143.99998,6
TTGGTGAA,50,0.0,129.59999,2
GGAAGGAT,335,0.0,28.800001,15-19
TGCGGAAG,335,0.0,28.800001,10-14
AAGGATCA,335,0.0,28.800001,15-19
