Base,G,A,T,C
1,88.26,4.32,4.06,3.36
2,3.62,4.88,88.5,3.0
3,2.46,79.47999999999999,14.06,4.0
4,87.36,4.2,5.0200000000000005,3.42
5,87.96000000000001,4.8,4.38,2.86
6,3.02,5.0,88.94,3.04
7,88.66000000000001,4.38,3.88,3.08
8,3.88,88.56,3.94,3.62
9,3.62,88.36,4.36,3.66
10-14,20.1,5.844,19.54,54.516
15-19,57.711999999999996,34.32,4.424,3.544
20-24,20.464,37.996,21.099999999999998,20.44
25-29,8.548,33.924,44.224000000000004,13.303999999999998
30-34,26.3,41.827999999999996,25.612000000000002,6.260000000000001
35-39,18.099999999999998,26.6,28.46,26.840000000000003
40-44,22.248,17.556,37.332,22.864
45-49,26.56,30.024,25.375999999999998,18.04
50-54,22.736,21.788,28.372000000000003,27.104
55-59,21.523999999999997,31.472,27.708,19.296
60-64,16.268,22.292,32.476,28.964000000000002
65-69,16.875999999999998,24.18,28.584,30.36
70-74,23.36,14.527999999999999,39.391999999999996,22.720000000000002
75-79,22.040000000000003,19.84,35.844,22.276
80-84,27.46,19.683999999999997,38.708,14.148
85-89,22.236,16.387999999999998,34.816,26.56
90-94,25.708,21.6,30.184,22.508
95-99,22.16,21.956,34.608,21.276
100-104,17.376,24.092,32.356,26.176
105-109,24.748,22.84,30.324,22.088
110-114,23.68,19.244,33.244,23.832
115-119,28.444000000000003,20.28,30.919999999999998,20.355999999999998
120-124,22.888,22.312,28.924,25.875999999999998
125-129,19.272,26.107999999999997,27.488,27.132
130-134,23.848,23.104,33.892,19.156000000000002
135-139,22.78,28.232000000000003,35.428,13.56
140-144,16.356,23.536,35.092,25.016
145-149,16.188,33.228,28.352,22.232
150-151,14.360000000000001,28.42,33.0,24.22
