Duplication Level,Deduplicated,Total
1,90.55813953488372,38.940000000000005
2,4.837209302325581,4.16
3,0.8372093023255814,1.08
4,0.4186046511627907,0.72
5,0.46511627906976744,1.0
6,0.23255813953488372,0.6
7,0.13953488372093023,0.42
8,0.09302325581395349,0.32
9,0.23255813953488372,0.8999999999999999
>10,1.4883720930232558,13.44
>50,0.32558139534883723,8.74
>100,0.37209302325581395,29.68
>500,0.0,0.0
>1k,0.0,0.0
>5k,0.0,0.0
>10k+,0.0,0.0
