Sequence,Count,PValue,Obs/Exp Max,Max Obs/Exp Position
CAGAGGGT,10,3.655621E-4,604.50006,3
ACGGAGGG,10,3.655621E-4,604.50006,2
CGTAGGTC,10,3.655621E-4,604.50006,3
ACAGAGGG,10,3.655621E-4,604.50006,2
TACAGAGG,25,2.1827873E-11,604.5,1
TACGTAGG,90,0.0,604.5,1
CGTAGGGG,55,0.0,604.5,3
CGGAGGAT,35,0.0,604.5,3
CAGAGGTC,15,1.4141187E-6,604.49994,3
ACGTAGGT,30,0.0,604.49994,2
ACGTAGGG,60,0.0,604.49994,2
ACAGAGGT,15,1.4141187E-6,604.49994,2
TACGGAGG,55,0.0,439.63638,1
ACGGAGGA,50,0.0,423.15002,2
GATCCGAG,15,6.0314815E-5,241.8,8
TCTCAAGC,60,0.0,241.8,9
TGGAGCAA,10,0.005960712,241.8,7
GTCTCAAG,60,0.0,241.8,8
GATTCAAG,20,6.033006E-7,241.8,8
TAGGGGGC,135,0.0,241.8,5
