Duplication Level,Deduplicated,Total
1,81.91546281433922,30.620000000000005
2,6.795077581594436,5.08
3,3.9593365436062067,4.44
4,1.6051364365971106,2.4
5,0.9630818619582664,1.7999999999999998
6,0.6420545746388443,1.44
7,0.8025682182985553,2.1
8,0.37453183520599254,1.1199999999999999
9,0.32102728731942215,1.08
>10,2.0331728196896734,17.1
>50,0.2140181915462814,4.62
>100,0.37453183520599254,28.199999999999996
>500,0.0,0.0
>1k,0.0,0.0
>5k,0.0,0.0
>10k+,0.0,0.0
