Base,G,A,T,C
1,45.96,51.62,1.38,1.04
2,0.8999999999999999,7.26,1.5,90.34
3,8.14,79.12,11.72,1.02
4,1.1199999999999999,5.1,4.5,89.28
5,1.82,1.0999999999999999,1.32,95.76
